name,c++ Files,c++ LOC,Headers,Header LOC,Python Files,Python LOC
pass unit tests,10,351,0,0,0,0
asctec base,84,7989,25,2131,14,1018
water sampler,4,762,0,0,20,1217
crop surveying,58,4462,33,1665,0,0
cob external,5,868,125,14681,0,0
cob common,0,0,0,0,1,25
shcunk modular,27,17089,60,5380,3,363
cob_driver,62,18019,61,3543,16,853
cob_robots,0,0,0,0,3,101
Cob Environments,0,0,0,0,0,0
Cob Command Tools,8,1618,5,477,30,4813
Cob calibration data,0,0,0,0,0,0
Cob substitute,0,0,0,0,1,1
careobot contro,34,6666,24,1523,6,415
careobot people preception,57,13237,46,5094,4,769
careobot manipulation,10,29853,3,342,24,1277
careobot perception,9,2014,8,520,1,103
careobot evnironment perception,30,6080,33,2420,14,1004
careobot navigation perception,3,622,1,48,0,0
careobot object perception,44,24453,49,3569,5,100
navigation stack,96,16289,89,4090,11,295
Baxter Robot,0,0,0,0,65,5546
Realtime tools,2,72,5,350,1,21
Control Toolbox,8,704,8,238,1,20
Ros Control,40,5361,50,2698,13,831
Ros Controllers,33,4176,32,2762,5,370
IPA Canopen,9,2255,3,1021,0,0
Move it stack,258,58748,218,15907,19,2244
BWI from Texas,91,13232,99,4493,30,2600
AR Tracking,83,13869,63,3408,0,0
AprilTags Tracking,18,1436,25,733,0,0
Airbotix ros package,0,0,3,132,20,1747
Asctec Mav Pacakge,12,1923,53,2729,0,0
Calvin Ros Stack,4,495,1,26,1,28
Carl Ros Stack,15,2163,13,471,0,0
CrazyFlie Ros Stack,0,0,0,0,10,613
Ros Concert,16,1444,7,258,431,33911
ROS Create Driver,0,0,0,0,15,1151
Move it stack,258,58748,218,15907,19,2244
ROS Darwin,0,0,0,0,4,364
ROS Descartes,24,3293,18,1254,0,0
Func Maninulators,24,42056,2,221,0,0
ros filter library,12,680,8,1263,0,0
graft,10,1787,7,270,0,0
Rail Pick and place library,30,3265,23,884,0,0
Grizzly robot,9,721,6,279,0,0
Hector Slam,14,1676,32,2291,0,0
Hector Localization,28,3359,38,2566,0,0
Hector Arm,3,156,1,39,1,48
Hector quad,17,2139,16,1189,0,0
Hector navigation,14,2783,7,370,0,0
Hector diagnostics,14,2783,7,370,0,0
Hector turtlebot,2,63,0,0,0,0
Husky Ros,0,0,0,0,0,0
ICART MINI,7,678,2,54,1,36
innok_heros,0,0,0,0,0,0
Jaco Robot Arm,8,2379,9,1083,0,0
Calibration,32,2567,13,477,39,4326
jsk_common,44,4313,28,1506,114,11383
jsk_db,0,0,0,0,0,0
jsk_recognition,0,0,0,0,0,0
jsk_recognition,3,167,17,223277,9,574
jsk_vis,0,0,0,0,0,0
jsk_control,9,1209,4,676,54,3802
jsk_planning,0,0,0,0,0,0
jsk_roseus,0,0,0,0,0,0
jsk_travis,0,0,0,0,1,231
kobuki,15,1719,9,1053,37,2268
kobuki_soft,4,213,2,84,0,0
Mav Ros,40,6953,15,853,9,503
Maxwell,0,0,0,0,1,55
Motoman,22,3532,25,1704,1,84
NAO Ros,2,87,0,0,21,1999
NAO Extras,4,854,1,77,0,0
NAO Extras,0,0,0,0,2,407
Naopi bridge,8,978,3,122,33,10387
nao camera,4,437,2,79,3,241
nao virtual,0,0,0,0,1,21
nao viz,0,0,0,0,7,253
nao sensors,5,465,2,79,7,468
Nav2 platform,3,364,1,34,0,0
neo robot,14,2493,12,805,0,0
next stage,0,0,0,0,19,1284
novatel_spann,0,0,0,0,11,674
Ocoros kinematics,83,8584,90,4707,6,382
p2 os robot,11,7462,6,591,0,0
robot rescue,12,654,0,0,0,0
People tracking ros,20,3284,19,1707,3,148
Pepper robot for stuff,0,0,0,0,4,300
rail_segmentation,4,798,2,132,0,0
rail ceiling,4,731,3,121,0,0
robitician ric,18,5137,580,49202,8,700
segbot,17,3953,18,1351,7,258
segbot arm,22,3407,0,0,0,0
segbot apps,4,806,1,90,2,104
turtlebot apps,0,0,0,0,0,0
turtlebot interactions,2,79,0,0,0,0
turtlebot,3,142,0,0,2,17
turtlebot create,0,0,0,0,15,1151
turtlebot arm,11,6624,2,246,1,219
ros universial robot ,4,1058,3,354,10,1719
ocs library,30,3329,21,1299,18,936
sr interface,73,8756,59,3107,32,2070
sr utils,1,130,0,0,0,0
sr teleop,13,1204,8,284,7,528
sr manipulation,0,0,0,0,28,2896
sr demo,10,1210,11,571,11,1555
sr ronex,25,2517,27,1127,10,690
app_manager,0,0,16,2977,28,6153
arm_nav,0,0,3,308,1,25
kn_msgs,1,60,1,42,0,0
pr futre,1,178,1,42,54,4429
pre2 apps,7,2992,1,157,7,186
pr2_colibraiton,18,1469,6,163,18,1958
/pr2_common,1,84,0,0,1,47
pr2_common_actions,11,1042,2,54,8,250
pr2_dashboard,0,0,0,0,7,582
pr2_delivery,0,0,0,0,6,309
pr2_developer_key,0,0,0,0,0,0
pr2_doors,0,0,0,0,3,91
pr2_ethercat_drivers,20,6523,16,1320,10,590
pr2_gripper_sensor,18,2176,5,438,1,0
pr2_kinematics,8,1788,6,330,0,0
pr2_mechanism,21,3774,20,1220,4,201
pr2_mechanism_msgs,0,0,0,0,0,0
pr2_navigation,14,1711,11,1399,1,156
pr2_navigation_apps,0,0,0,0,0,0
pr2_object_manipulation,49,8631,32,1988,12,2095
pr2_pbd,0,0,0,0,17,5856
pr2_plugs,40,9644,28,1296,31,1948
pr2/pr2_power_drivers,10,3788,7,530,5,402
pr2_precise_trajectory,0,0,0,0,12,558
pr2_robot,4,730,0,0,22,2738
pr2_self_test,9,1756,8,320,10,1230
pr2_sheild_telop,0,0,0,0,0,0
pr2_sith,0,0,0,0,2,100
pr2_surrogate,7,145,3,58,0,0
rqt_pr2_dashboard,0,0,0,0,6,303
willow_maps,0,0,0,0,0,0
roseus_robot,4,2009,0,0,3,106
ardrone autonomy,5,1014,7,2497,1,89
pr2_controllers,36,7504,25,1533,9,291
